Document Set,Prompt,# Docs to Rerank,n-ary Heap,tokens,LLM,nDCG@10,command,path
DL19,Original,30,19-ary,450,llama-3,0.670200160604129,--collection data/dl19/450_collection_passage.tsv --input dl19/bm25.run --model meta-llama/Llama-3.3-70B-Instruct --nary 19 --output runs/dl19/450/Llama-3.3-70B-Instruct/k10/original/rerank30/19ary/reranked.run --prompt original --rerankN 30 --topics dl19/topics.jsonl --topk 10,runs/dl19/450/Llama-3.3-70B-Instruct/k10/original/rerank30/19ary/reranked.run
DL19,Original,30,19-ary,450,Mixtral,0.591769401340822,--collection data/dl19/450_collection_passage.tsv --input dl19/bm25.run --model mistralai/Mixtral-8x7B-Instruct-v0.1 --nary 19 --output runs/dl19/450/Mixtral-8x7B-Instruct-v0.1/k10/original/rerank30/19ary/reranked.run --prompt original --rerankN 30 --topics dl19/topics.jsonl --topk 10,runs/dl19/450/Mixtral-8x7B-Instruct-v0.1/k10/original/rerank30/19ary/reranked.run
DL19,Original,30,19-ary,450,Qwen,0.683893017692031,--collection data/dl19/450_collection_passage.tsv --input dl19/bm25.run --model Qwen/Qwen2.5-72B-Instruct --nary 19 --output runs/dl19/450/Qwen2.5-72B-Instruct/k10/original/rerank30/19ary/reranked.run --prompt original --rerankN 30 --topics dl19/topics.jsonl --topk 10,runs/dl19/450/Qwen2.5-72B-Instruct/k10/original/rerank30/19ary/reranked.run
DL19,Original,30,4-ary,450,llama-3,0.677949252932141,--collection data/dl19/450_collection_passage.tsv --input dl19/bm25.run --model meta-llama/Llama-3.3-70B-Instruct --nary 4 --output runs/dl19/450/Llama-3.3-70B-Instruct/k10/original/rerank30/4ary/reranked.run --prompt original --rerankN 30 --topics dl19/topics.jsonl --topk 10,runs/dl19/450/Llama-3.3-70B-Instruct/k10/original/rerank30/4ary/reranked.run
DL19,Original,30,4-ary,450,Mixtral,0.634883447892753,--collection data/dl19/450_collection_passage.tsv --input dl19/bm25.run --model mistralai/Mixtral-8x7B-Instruct-v0.1 --nary 4 --output runs/dl19/450/Mixtral-8x7B-Instruct-v0.1/k10/original/rerank30/4ary/reranked.run --prompt original --rerankN 30 --topics dl19/topics.jsonl --topk 10,runs/dl19/450/Mixtral-8x7B-Instruct-v0.1/k10/original/rerank30/4ary/reranked.run
DL19,Original,30,4-ary,450,Qwen,0.676206362624301,--collection data/dl19/450_collection_passage.tsv --input dl19/bm25.run --model Qwen/Qwen2.5-72B-Instruct --nary 4 --output runs/dl19/450/Qwen2.5-72B-Instruct/k10/original/rerank30/4ary/reranked.run --prompt original --rerankN 30 --topics dl19/topics.jsonl --topk 10,runs/dl19/450/Qwen2.5-72B-Instruct/k10/original/rerank30/4ary/reranked.run
DL19,Original,30,9-ary,450,llama-3,0.667787440451408,--collection data/dl19/450_collection_passage.tsv --input dl19/bm25.run --model meta-llama/Llama-3.3-70B-Instruct --nary 9 --output runs/dl19/450/Llama-3.3-70B-Instruct/k10/original/rerank30/9ary/reranked.run --prompt original --rerankN 30 --topics dl19/topics.jsonl --topk 10,runs/dl19/450/Llama-3.3-70B-Instruct/k10/original/rerank30/9ary/reranked.run
DL19,Original,30,9-ary,450,Mixtral,0.635906059434171,--collection data/dl19/450_collection_passage.tsv --input dl19/bm25.run --model mistralai/Mixtral-8x7B-Instruct-v0.1 --nary 9 --output runs/dl19/450/Mixtral-8x7B-Instruct-v0.1/k10/original/rerank30/9ary/reranked.run --prompt original --rerankN 30 --topics dl19/topics.jsonl --topk 10,runs/dl19/450/Mixtral-8x7B-Instruct-v0.1/k10/original/rerank30/9ary/reranked.run
DL19,Original,30,9-ary,450,Qwen,0.68335685837086,--collection data/dl19/450_collection_passage.tsv --input dl19/bm25.run --model Qwen/Qwen2.5-72B-Instruct --nary 9 --output runs/dl19/450/Qwen2.5-72B-Instruct/k10/original/rerank30/9ary/reranked.run --prompt original --rerankN 30 --topics dl19/topics.jsonl --topk 10,runs/dl19/450/Qwen2.5-72B-Instruct/k10/original/rerank30/9ary/reranked.run
DL19,Original,100,19-ary,450,llama-3,0.728726221338682,--collection data/dl19/450_collection_passage.tsv --input dl19/bm25.run --model meta-llama/Llama-3.3-70B-Instruct --nary 19 --output runs/dl19/450/Llama-3.3-70B-Instruct/k10/original/rerank100/19ary/reranked.run --prompt original --rerankN 100 --topics dl19/topics.jsonl --topk 10,runs/dl19/450/Llama-3.3-70B-Instruct/k10/original/rerank100/19ary/reranked.run
DL19,Original,100,19-ary,450,Mixtral,0.588544347751063,--collection data/dl19/450_collection_passage.tsv --input dl19/bm25.run --model mistralai/Mixtral-8x7B-Instruct-v0.1 --nary 19 --output runs/dl19/450/Mixtral-8x7B-Instruct-v0.1/k10/original/rerank100/19ary/reranked.run --prompt original --rerankN 100 --topics dl19/topics.jsonl --topk 10,runs/dl19/450/Mixtral-8x7B-Instruct-v0.1/k10/original/rerank100/19ary/reranked.run
DL19,Original,100,19-ary,450,Qwen,0.685403603955013,--collection data/dl19/450_collection_passage.tsv --input dl19/bm25.run --model Qwen/Qwen2.5-72B-Instruct --nary 19 --output runs/dl19/450/Qwen2.5-72B-Instruct/k10/original/rerank100/19ary/reranked.run --prompt original --rerankN 100 --topics dl19/topics.jsonl --topk 10,runs/dl19/450/Qwen2.5-72B-Instruct/k10/original/rerank100/19ary/reranked.run
DL19,Original,100,4-ary,450,llama-3,0.717753594672668,--collection data/dl19/450_collection_passage.tsv --input dl19/bm25.run --model meta-llama/Llama-3.3-70B-Instruct --nary 4 --output runs/dl19/450/Llama-3.3-70B-Instruct/k10/original/rerank100/4ary/reranked.run --prompt original --rerankN 100 --topics dl19/topics.jsonl --topk 10,runs/dl19/450/Llama-3.3-70B-Instruct/k10/original/rerank100/4ary/reranked.run
DL19,Original,100,4-ary,450,Mixtral,0.632696106386914,--collection data/dl19/450_collection_passage.tsv --input dl19/bm25.run --model mistralai/Mixtral-8x7B-Instruct-v0.1 --nary 4 --output runs/dl19/450/Mixtral-8x7B-Instruct-v0.1/k10/original/rerank100/4ary/reranked.run --prompt original --rerankN 100 --topics dl19/topics.jsonl --topk 10,runs/dl19/450/Mixtral-8x7B-Instruct-v0.1/k10/original/rerank100/4ary/reranked.run
DL19,Original,100,4-ary,450,Qwen,0.682607102844537,--collection data/dl19/450_collection_passage.tsv --input dl19/bm25.run --model Qwen/Qwen2.5-72B-Instruct --nary 4 --output runs/dl19/450/Qwen2.5-72B-Instruct/k10/original/rerank100/4ary/reranked.run --prompt original --rerankN 100 --topics dl19/topics.jsonl --topk 10,runs/dl19/450/Qwen2.5-72B-Instruct/k10/original/rerank100/4ary/reranked.run
DL19,Original,100,9-ary,450,llama-3,0.724124879422353,--collection data/dl19/450_collection_passage.tsv --input dl19/bm25.run --model meta-llama/Llama-3.3-70B-Instruct --nary 9 --output runs/dl19/450/Llama-3.3-70B-Instruct/k10/original/rerank100/9ary/reranked.run --prompt original --rerankN 100 --topics dl19/topics.jsonl --topk 10,runs/dl19/450/Llama-3.3-70B-Instruct/k10/original/rerank100/9ary/reranked.run
DL19,Original,100,9-ary,450,Mixtral,0.639363889898239,--collection data/dl19/450_collection_passage.tsv --input dl19/bm25.run --model mistralai/Mixtral-8x7B-Instruct-v0.1 --nary 9 --output runs/dl19/450/Mixtral-8x7B-Instruct-v0.1/k10/original/rerank100/9ary/reranked.run --prompt original --rerankN 100 --topics dl19/topics.jsonl --topk 10,runs/dl19/450/Mixtral-8x7B-Instruct-v0.1/k10/original/rerank100/9ary/reranked.run
DL19,Original,100,9-ary,450,Qwen,0.681600223410987,--collection data/dl19/450_collection_passage.tsv --input dl19/bm25.run --model Qwen/Qwen2.5-72B-Instruct --nary 9 --output runs/dl19/450/Qwen2.5-72B-Instruct/k10/original/rerank100/9ary/reranked.run --prompt original --rerankN 100 --topics dl19/topics.jsonl --topk 10,runs/dl19/450/Qwen2.5-72B-Instruct/k10/original/rerank100/9ary/reranked.run
DL19,Original,1000,19-ary,450,llama-3,0.721474932574267,--collection data/dl19/450_collection_passage.tsv --input dl19/bm25.run --model meta-llama/Llama-3.3-70B-Instruct --nary 19 --output runs/dl19/450/Llama-3.3-70B-Instruct/k10/original/rerank1000/19ary/reranked.run --prompt original --rerankN 1000 --topics dl19/topics.jsonl --topk 10,runs/dl19/450/Llama-3.3-70B-Instruct/k10/original/rerank1000/19ary/reranked.run
DL19,Original,1000,19-ary,450,Mixtral,0.593866034289135,--collection data/dl19/450_collection_passage.tsv --input dl19/bm25.run --model mistralai/Mixtral-8x7B-Instruct-v0.1 --nary 19 --output runs/dl19/450/Mixtral-8x7B-Instruct-v0.1/k10/original/rerank1000/19ary/reranked.run --prompt original --rerankN 1000 --topics dl19/topics.jsonl --topk 10,runs/dl19/450/Mixtral-8x7B-Instruct-v0.1/k10/original/rerank1000/19ary/reranked.run
DL19,Original,1000,19-ary,450,Qwen,0.690151871440322,--collection data/dl19/450_collection_passage.tsv --input dl19/bm25.run --model Qwen/Qwen2.5-72B-Instruct --nary 19 --output runs/dl19/450/Qwen2.5-72B-Instruct/k10/original/rerank1000/19ary/reranked.run --prompt original --rerankN 1000 --topics dl19/topics.jsonl --topk 10,runs/dl19/450/Qwen2.5-72B-Instruct/k10/original/rerank1000/19ary/reranked.run
DL19,Original,1000,4-ary,450,llama-3,0.734856771906151,--collection data/dl19/450_collection_passage.tsv --input dl19/bm25.run --model meta-llama/Llama-3.3-70B-Instruct --nary 4 --output runs/dl19/450/Llama-3.3-70B-Instruct/k10/original/rerank1000/4ary/reranked.run --prompt original --rerankN 1000 --topics dl19/topics.jsonl --topk 10,runs/dl19/450/Llama-3.3-70B-Instruct/k10/original/rerank1000/4ary/reranked.run
DL19,Original,1000,4-ary,450,Mixtral,0.638429674622741,--collection data/dl19/450_collection_passage.tsv --input dl19/bm25.run --model mistralai/Mixtral-8x7B-Instruct-v0.1 --nary 4 --output runs/dl19/450/Mixtral-8x7B-Instruct-v0.1/k10/original/rerank1000/4ary/reranked.run --prompt original --rerankN 1000 --topics dl19/topics.jsonl --topk 10,runs/dl19/450/Mixtral-8x7B-Instruct-v0.1/k10/original/rerank1000/4ary/reranked.run
DL19,Original,1000,4-ary,450,Qwen,0.674770822075445,--collection data/dl19/450_collection_passage.tsv --input dl19/bm25.run --model Qwen/Qwen2.5-72B-Instruct --nary 4 --output runs/dl19/450/Qwen2.5-72B-Instruct/k10/original/rerank1000/4ary/reranked.run --prompt original --rerankN 1000 --topics dl19/topics.jsonl --topk 10,runs/dl19/450/Qwen2.5-72B-Instruct/k10/original/rerank1000/4ary/reranked.run
DL19,Original,1000,9-ary,450,llama-3,0.7208439849999,--collection data/dl19/450_collection_passage.tsv --input dl19/bm25.run --model meta-llama/Llama-3.3-70B-Instruct --nary 9 --output runs/dl19/450/Llama-3.3-70B-Instruct/k10/original/rerank1000/9ary/reranked.run --prompt original --rerankN 1000 --topics dl19/topics.jsonl --topk 10,runs/dl19/450/Llama-3.3-70B-Instruct/k10/original/rerank1000/9ary/reranked.run
DL19,Original,1000,9-ary,450,Mixtral,0.637707295357879,--collection data/dl19/450_collection_passage.tsv --input dl19/bm25.run --model mistralai/Mixtral-8x7B-Instruct-v0.1 --nary 9 --output runs/dl19/450/Mixtral-8x7B-Instruct-v0.1/k10/original/rerank1000/9ary/reranked.run --prompt original --rerankN 1000 --topics dl19/topics.jsonl --topk 10,runs/dl19/450/Mixtral-8x7B-Instruct-v0.1/k10/original/rerank1000/9ary/reranked.run
DL19,Original,1000,9-ary,450,Qwen,0.679883496695647,--collection data/dl19/450_collection_passage.tsv --input dl19/bm25.run --model Qwen/Qwen2.5-72B-Instruct --nary 9 --output runs/dl19/450/Qwen2.5-72B-Instruct/k10/original/rerank1000/9ary/reranked.run --prompt original --rerankN 1000 --topics dl19/topics.jsonl --topk 10,runs/dl19/450/Qwen2.5-72B-Instruct/k10/original/rerank1000/9ary/reranked.run
DL19,Original,100,19-ary,1st 128,llama-3,0.726270529293171,--collection data/dl19/first128_collection_passage.tsv --input dl19/bm25.run --model meta-llama/Llama-3.3-70B-Instruct --nary 19 --output runs/dl19/first128/Llama-3.3-70B-Instruct/k10/original/rerank100/19ary/reranked.run --prompt original --rerankN 100 --topics dl19/topics.jsonl --topk 10,runs/dl19/first128/Llama-3.3-70B-Instruct/k10/original/rerank100/19ary/reranked.run
DL19,Original,100,19-ary,1st 128,Mixtral,0.602198894976322,--collection data/dl19/first128_collection_passage.tsv --input dl19/bm25.run --model mistralai/Mixtral-8x7B-Instruct-v0.1 --nary 19 --output runs/dl19/first128/Mixtral-8x7B-Instruct-v0.1/k10/original/rerank100/19ary/reranked.run --prompt original --rerankN 100 --topics dl19/topics.jsonl --topk 10,runs/dl19/first128/Mixtral-8x7B-Instruct-v0.1/k10/original/rerank100/19ary/reranked.run
DL19,Original,100,19-ary,1st 128,Qwen,0.687585300606413,--collection data/dl19/first128_collection_passage.tsv --input dl19/bm25.run --model Qwen/Qwen2.5-72B-Instruct --nary 19 --output runs/dl19/first128/Qwen2.5-72B-Instruct/k10/original/rerank100/19ary/reranked.run --prompt original --rerankN 100 --topics dl19/topics.jsonl --topk 10,runs/dl19/first128/Qwen2.5-72B-Instruct/k10/original/rerank100/19ary/reranked.run
DL19,Original,100,4-ary,1st 128,llama-3,0.720997247477463,--collection data/dl19/first128_collection_passage.tsv --input dl19/bm25.run --model meta-llama/Llama-3.3-70B-Instruct --nary 4 --output runs/dl19/first128/Llama-3.3-70B-Instruct/k10/original/rerank100/4ary/reranked.run --prompt original --rerankN 100 --topics dl19/topics.jsonl --topk 10,runs/dl19/first128/Llama-3.3-70B-Instruct/k10/original/rerank100/4ary/reranked.run
DL19,Original,100,4-ary,1st 128,Mixtral,0.642499299727994,--collection data/dl19/first128_collection_passage.tsv --input dl19/bm25.run --model mistralai/Mixtral-8x7B-Instruct-v0.1 --nary 4 --output runs/dl19/first128/Mixtral-8x7B-Instruct-v0.1/k10/original/rerank100/4ary/reranked.run --prompt original --rerankN 100 --topics dl19/topics.jsonl --topk 10,runs/dl19/first128/Mixtral-8x7B-Instruct-v0.1/k10/original/rerank100/4ary/reranked.run
DL19,Original,100,4-ary,1st 128,Qwen,0.677262007358738,--collection data/dl19/first128_collection_passage.tsv --input dl19/bm25.run --model Qwen/Qwen2.5-72B-Instruct --nary 4 --output runs/dl19/first128/Qwen2.5-72B-Instruct/k10/original/rerank100/4ary/reranked.run --prompt original --rerankN 100 --topics dl19/topics.jsonl --topk 10,runs/dl19/first128/Qwen2.5-72B-Instruct/k10/original/rerank100/4ary/reranked.run
DL19,Original,100,9-ary,1st 128,llama-3,0.723861339664126,--collection data/dl19/first128_collection_passage.tsv --input dl19/bm25.run --model meta-llama/Llama-3.3-70B-Instruct --nary 9 --output runs/dl19/first128/Llama-3.3-70B-Instruct/k10/original/rerank100/9ary/reranked.run --prompt original --rerankN 100 --topics dl19/topics.jsonl --topk 10,runs/dl19/first128/Llama-3.3-70B-Instruct/k10/original/rerank100/9ary/reranked.run
DL19,Original,100,9-ary,1st 128,llama-3-8b,0.647633488397116,--collection data/dl19/first128_collection_passage.tsv --input dl19/bm25.run --model meta-llama/Llama-3.1-8B-Instruct --nary 9 --output runs/dl19/first128/Llama-3.1-8B-Instruct/k10/original/rerank100/9ary/reranked.run --prompt original --rerankN 100 --topics dl19/topics.jsonl --topk 10,runs/dl19/first128/Llama-3.1-8B-Instruct/k10/original/rerank100/9ary/reranked.run
DL19,Original,100,9-ary,1st 128,Mixtral,0.636435256230112,--collection data/dl19/first128_collection_passage.tsv --input dl19/bm25.run --model mistralai/Mixtral-8x7B-Instruct-v0.1 --nary 9 --output runs/dl19/first128/Mixtral-8x7B-Instruct-v0.1/k10/original/rerank100/9ary/reranked.run --prompt original --rerankN 100 --topics dl19/topics.jsonl --topk 10,runs/dl19/first128/Mixtral-8x7B-Instruct-v0.1/k10/original/rerank100/9ary/reranked.run
DL19,Original,100,9-ary,1st 128,Qwen,0.677238460708756,--collection data/dl19/first128_collection_passage.tsv --input dl19/bm25.run --model Qwen/Qwen2.5-72B-Instruct --nary 9 --output runs/dl19/first128/Qwen2.5-72B-Instruct/k10/original/rerank100/9ary/reranked.run --prompt original --rerankN 100 --topics dl19/topics.jsonl --topk 10,runs/dl19/first128/Qwen2.5-72B-Instruct/k10/original/rerank100/9ary/reranked.run
DL20,Original,30,19-ary,450,llama-3,0.639055588671826,--collection data/dl20/450_collection_passage.tsv --input dl20/bm25.run --model meta-llama/Llama-3.3-70B-Instruct --nary 19 --output runs/dl20/450/Llama-3.3-70B-Instruct/k10/original/rerank30/19ary/reranked.run --prompt original --rerankN 30 --topics dl20/topics.jsonl --topk 10,runs/dl20/450/Llama-3.3-70B-Instruct/k10/original/rerank30/19ary/reranked.run
DL20,Original,30,19-ary,450,Mixtral,0.569486792846684,--collection data/dl20/450_collection_passage.tsv --input dl20/bm25.run --model mistralai/Mixtral-8x7B-Instruct-v0.1 --nary 19 --output runs/dl20/450/Mixtral-8x7B-Instruct-v0.1/k10/original/rerank30/19ary/reranked.run --prompt original --rerankN 30 --topics dl20/topics.jsonl --topk 10,runs/dl20/450/Mixtral-8x7B-Instruct-v0.1/k10/original/rerank30/19ary/reranked.run
DL20,Original,30,19-ary,450,Qwen,0.647918494420516,--collection data/dl20/450_collection_passage.tsv --input dl20/bm25.run --model Qwen/Qwen2.5-72B-Instruct --nary 19 --output runs/dl20/450/Qwen2.5-72B-Instruct/k10/original/rerank30/19ary/reranked.run --prompt original --rerankN 30 --topics dl20/topics.jsonl --topk 10,runs/dl20/450/Qwen2.5-72B-Instruct/k10/original/rerank30/19ary/reranked.run
DL20,Original,30,4-ary,450,llama-3,0.641438395910701,--collection data/dl20/450_collection_passage.tsv --input dl20/bm25.run --model meta-llama/Llama-3.3-70B-Instruct --nary 4 --output runs/dl20/450/Llama-3.3-70B-Instruct/k10/original/rerank30/4ary/reranked.run --prompt original --rerankN 30 --topics dl20/topics.jsonl --topk 10,runs/dl20/450/Llama-3.3-70B-Instruct/k10/original/rerank30/4ary/reranked.run
DL20,Original,30,4-ary,450,Mixtral,0.602470105366046,--collection data/dl20/450_collection_passage.tsv --input dl20/bm25.run --model mistralai/Mixtral-8x7B-Instruct-v0.1 --nary 4 --output runs/dl20/450/Mixtral-8x7B-Instruct-v0.1/k10/original/rerank30/4ary/reranked.run --prompt original --rerankN 30 --topics dl20/topics.jsonl --topk 10,runs/dl20/450/Mixtral-8x7B-Instruct-v0.1/k10/original/rerank30/4ary/reranked.run
DL20,Original,30,4-ary,450,Qwen,0.646018027734356,--collection data/dl20/450_collection_passage.tsv --input dl20/bm25.run --model Qwen/Qwen2.5-72B-Instruct --nary 4 --output runs/dl20/450/Qwen2.5-72B-Instruct/k10/original/rerank30/4ary/reranked.run --prompt original --rerankN 30 --topics dl20/topics.jsonl --topk 10,runs/dl20/450/Qwen2.5-72B-Instruct/k10/original/rerank30/4ary/reranked.run
DL20,Original,30,9-ary,450,llama-3,0.642685641415272,--collection data/dl20/450_collection_passage.tsv --input dl20/bm25.run --model meta-llama/Llama-3.3-70B-Instruct --nary 9 --output runs/dl20/450/Llama-3.3-70B-Instruct/k10/original/rerank30/9ary/reranked.run --prompt original --rerankN 30 --topics dl20/topics.jsonl --topk 10,runs/dl20/450/Llama-3.3-70B-Instruct/k10/original/rerank30/9ary/reranked.run
DL20,Original,30,9-ary,450,Mixtral,0.579709444346187,--collection data/dl20/450_collection_passage.tsv --input dl20/bm25.run --model mistralai/Mixtral-8x7B-Instruct-v0.1 --nary 9 --output runs/dl20/450/Mixtral-8x7B-Instruct-v0.1/k10/original/rerank30/9ary/reranked.run --prompt original --rerankN 30 --topics dl20/topics.jsonl --topk 10,runs/dl20/450/Mixtral-8x7B-Instruct-v0.1/k10/original/rerank30/9ary/reranked.run
DL20,Original,30,9-ary,450,Qwen,0.643150268042735,--collection data/dl20/450_collection_passage.tsv --input dl20/bm25.run --model Qwen/Qwen2.5-72B-Instruct --nary 9 --output runs/dl20/450/Qwen2.5-72B-Instruct/k10/original/rerank30/9ary/reranked.run --prompt original --rerankN 30 --topics dl20/topics.jsonl --topk 10,runs/dl20/450/Qwen2.5-72B-Instruct/k10/original/rerank30/9ary/reranked.run
DL20,Original,100,19-ary,450,llama-3,0.699731103801667,--collection data/dl20/450_collection_passage.tsv --input dl20/bm25.run --model meta-llama/Llama-3.3-70B-Instruct --nary 19 --output runs/dl20/450/Llama-3.3-70B-Instruct/k10/original/rerank100/19ary/reranked.run --prompt original --rerankN 100 --topics dl20/topics.jsonl --topk 10,runs/dl20/450/Llama-3.3-70B-Instruct/k10/original/rerank100/19ary/reranked.run
DL20,Original,100,19-ary,450,Mixtral,0.570518237897635,--collection data/dl20/450_collection_passage.tsv --input dl20/bm25.run --model mistralai/Mixtral-8x7B-Instruct-v0.1 --nary 19 --output runs/dl20/450/Mixtral-8x7B-Instruct-v0.1/k10/original/rerank100/19ary/reranked.run --prompt original --rerankN 100 --topics dl20/topics.jsonl --topk 10,runs/dl20/450/Mixtral-8x7B-Instruct-v0.1/k10/original/rerank100/19ary/reranked.run
DL20,Original,100,19-ary,450,Qwen,0.646787755049256,--collection data/dl20/450_collection_passage.tsv --input dl20/bm25.run --model Qwen/Qwen2.5-72B-Instruct --nary 19 --output runs/dl20/450/Qwen2.5-72B-Instruct/k10/original/rerank100/19ary/reranked.run --prompt original --rerankN 100 --topics dl20/topics.jsonl --topk 10,runs/dl20/450/Qwen2.5-72B-Instruct/k10/original/rerank100/19ary/reranked.run
DL20,Original,100,4-ary,450,llama-3,0.686130881132369,--collection data/dl20/450_collection_passage.tsv --input dl20/bm25.run --model meta-llama/Llama-3.3-70B-Instruct --nary 4 --output runs/dl20/450/Llama-3.3-70B-Instruct/k10/original/rerank100/4ary/reranked.run --prompt original --rerankN 100 --topics dl20/topics.jsonl --topk 10,runs/dl20/450/Llama-3.3-70B-Instruct/k10/original/rerank100/4ary/reranked.run
DL20,Original,100,4-ary,450,Mixtral,0.605538992969372,--collection data/dl20/450_collection_passage.tsv --input dl20/bm25.run --model mistralai/Mixtral-8x7B-Instruct-v0.1 --nary 4 --output runs/dl20/450/Mixtral-8x7B-Instruct-v0.1/k10/original/rerank100/4ary/reranked.run --prompt original --rerankN 100 --topics dl20/topics.jsonl --topk 10,runs/dl20/450/Mixtral-8x7B-Instruct-v0.1/k10/original/rerank100/4ary/reranked.run
DL20,Original,100,4-ary,450,Qwen,0.637118504018223,--collection data/dl20/450_collection_passage.tsv --input dl20/bm25.run --model Qwen/Qwen2.5-72B-Instruct --nary 4 --output runs/dl20/450/Qwen2.5-72B-Instruct/k10/original/rerank100/4ary/reranked.run --prompt original --rerankN 100 --topics dl20/topics.jsonl --topk 10,runs/dl20/450/Qwen2.5-72B-Instruct/k10/original/rerank100/4ary/reranked.run
DL20,Original,100,9-ary,450,llama-3,0.700964998230412,--collection data/dl20/450_collection_passage.tsv --input dl20/bm25.run --model meta-llama/Llama-3.3-70B-Instruct --nary 9 --output runs/dl20/450/Llama-3.3-70B-Instruct/k10/original/rerank100/9ary/reranked.run --prompt original --rerankN 100 --topics dl20/topics.jsonl --topk 10,runs/dl20/450/Llama-3.3-70B-Instruct/k10/original/rerank100/9ary/reranked.run
DL20,Original,100,9-ary,450,Mixtral,0.571932473131086,--collection data/dl20/450_collection_passage.tsv --input dl20/bm25.run --model mistralai/Mixtral-8x7B-Instruct-v0.1 --nary 9 --output runs/dl20/450/Mixtral-8x7B-Instruct-v0.1/k10/original/rerank100/9ary/reranked.run --prompt original --rerankN 100 --topics dl20/topics.jsonl --topk 10,runs/dl20/450/Mixtral-8x7B-Instruct-v0.1/k10/original/rerank100/9ary/reranked.run
DL20,Original,100,9-ary,450,Qwen,0.64372668913242,--collection data/dl20/450_collection_passage.tsv --input dl20/bm25.run --model Qwen/Qwen2.5-72B-Instruct --nary 9 --output runs/dl20/450/Qwen2.5-72B-Instruct/k10/original/rerank100/9ary/reranked.run --prompt original --rerankN 100 --topics dl20/topics.jsonl --topk 10,runs/dl20/450/Qwen2.5-72B-Instruct/k10/original/rerank100/9ary/reranked.run
DL20,Original,1000,19-ary,450,llama-3,0.749072798416523,--collection data/dl20/450_collection_passage.tsv --input dl20/bm25.run --model meta-llama/Llama-3.3-70B-Instruct --nary 19 --output runs/dl20/450/Llama-3.3-70B-Instruct/k10/original/rerank1000/19ary/reranked.run --prompt original --rerankN 1000 --topics dl20/topics.jsonl --topk 10,runs/dl20/450/Llama-3.3-70B-Instruct/k10/original/rerank1000/19ary/reranked.run
DL20,Original,1000,19-ary,450,Mixtral,0.567274141424548,--collection data/dl20/450_collection_passage.tsv --input dl20/bm25.run --model mistralai/Mixtral-8x7B-Instruct-v0.1 --nary 19 --output runs/dl20/450/Mixtral-8x7B-Instruct-v0.1/k10/original/rerank1000/19ary/reranked.run --prompt original --rerankN 1000 --topics dl20/topics.jsonl --topk 10,runs/dl20/450/Mixtral-8x7B-Instruct-v0.1/k10/original/rerank1000/19ary/reranked.run
DL20,Original,1000,19-ary,450,Qwen,0.637087286402449,--collection data/dl20/450_collection_passage.tsv --input dl20/bm25.run --model Qwen/Qwen2.5-72B-Instruct --nary 19 --output runs/dl20/450/Qwen2.5-72B-Instruct/k10/original/rerank1000/19ary/reranked.run --prompt original --rerankN 1000 --topics dl20/topics.jsonl --topk 10,runs/dl20/450/Qwen2.5-72B-Instruct/k10/original/rerank1000/19ary/reranked.run
DL20,Original,1000,4-ary,450,llama-3,0.688898613965712,--collection data/dl20/450_collection_passage.tsv --input dl20/bm25.run --model meta-llama/Llama-3.3-70B-Instruct --nary 4 --output runs/dl20/450/Llama-3.3-70B-Instruct/k10/original/rerank1000/4ary/reranked.run --prompt original --rerankN 1000 --topics dl20/topics.jsonl --topk 10,runs/dl20/450/Llama-3.3-70B-Instruct/k10/original/rerank1000/4ary/reranked.run
DL20,Original,1000,4-ary,450,Mixtral,0.597551402120722,--collection data/dl20/450_collection_passage.tsv --input dl20/bm25.run --model mistralai/Mixtral-8x7B-Instruct-v0.1 --nary 4 --output runs/dl20/450/Mixtral-8x7B-Instruct-v0.1/k10/original/rerank1000/4ary/reranked.run --prompt original --rerankN 1000 --topics dl20/topics.jsonl --topk 10,runs/dl20/450/Mixtral-8x7B-Instruct-v0.1/k10/original/rerank1000/4ary/reranked.run
DL20,Original,1000,4-ary,450,Qwen,0.637742372312896,--collection data/dl20/450_collection_passage.tsv --input dl20/bm25.run --model Qwen/Qwen2.5-72B-Instruct --nary 4 --output runs/dl20/450/Qwen2.5-72B-Instruct/k10/original/rerank1000/4ary/reranked.run --prompt original --rerankN 1000 --topics dl20/topics.jsonl --topk 10,runs/dl20/450/Qwen2.5-72B-Instruct/k10/original/rerank1000/4ary/reranked.run
DL20,Original,1000,9-ary,450,llama-3,0.734800890861553,--collection data/dl20/450_collection_passage.tsv --input dl20/bm25.run --model meta-llama/Llama-3.3-70B-Instruct --nary 9 --output runs/dl20/450/Llama-3.3-70B-Instruct/k10/original/rerank1000/9ary/reranked.run --prompt original --rerankN 1000 --topics dl20/topics.jsonl --topk 10,runs/dl20/450/Llama-3.3-70B-Instruct/k10/original/rerank1000/9ary/reranked.run
DL20,Original,1000,9-ary,450,Mixtral,0.581114318274086,--collection data/dl20/450_collection_passage.tsv --input dl20/bm25.run --model mistralai/Mixtral-8x7B-Instruct-v0.1 --nary 9 --output runs/dl20/450/Mixtral-8x7B-Instruct-v0.1/k10/original/rerank1000/9ary/reranked.run --prompt original --rerankN 1000 --topics dl20/topics.jsonl --topk 10,runs/dl20/450/Mixtral-8x7B-Instruct-v0.1/k10/original/rerank1000/9ary/reranked.run
DL20,Original,1000,9-ary,450,Qwen,0.644617530019303,--collection data/dl20/450_collection_passage.tsv --input dl20/bm25.run --model Qwen/Qwen2.5-72B-Instruct --nary 9 --output runs/dl20/450/Qwen2.5-72B-Instruct/k10/original/rerank1000/9ary/reranked.run --prompt original --rerankN 1000 --topics dl20/topics.jsonl --topk 10,runs/dl20/450/Qwen2.5-72B-Instruct/k10/original/rerank1000/9ary/reranked.run
DL20,Original,100,19-ary,1st 128,llama-3,0.697250253177198,--collection data/dl20/first128_collection_passage.tsv --input dl20/bm25.run --model meta-llama/Llama-3.3-70B-Instruct --nary 19 --output runs/dl20/first128/Llama-3.3-70B-Instruct/k10/original/rerank100/19ary/reranked.run --prompt original --rerankN 100 --topics dl20/topics.jsonl --topk 10,runs/dl20/first128/Llama-3.3-70B-Instruct/k10/original/rerank100/19ary/reranked.run
DL20,Original,100,19-ary,1st 128,Mixtral,0.567911214305727,--collection data/dl20/first128_collection_passage.tsv --input dl20/bm25.run --model mistralai/Mixtral-8x7B-Instruct-v0.1 --nary 19 --output runs/dl20/first128/Mixtral-8x7B-Instruct-v0.1/k10/original/rerank100/19ary/reranked.run --prompt original --rerankN 100 --topics dl20/topics.jsonl --topk 10,runs/dl20/first128/Mixtral-8x7B-Instruct-v0.1/k10/original/rerank100/19ary/reranked.run
DL20,Original,100,19-ary,1st 128,Qwen,0.641148597111307,--collection data/dl20/first128_collection_passage.tsv --input dl20/bm25.run --model Qwen/Qwen2.5-72B-Instruct --nary 19 --output runs/dl20/first128/Qwen2.5-72B-Instruct/k10/original/rerank100/19ary/reranked.run --prompt original --rerankN 100 --topics dl20/topics.jsonl --topk 10,runs/dl20/first128/Qwen2.5-72B-Instruct/k10/original/rerank100/19ary/reranked.run
DL20,Original,100,4-ary,1st 128,llama-3,0.689687606798917,--collection data/dl20/first128_collection_passage.tsv --input dl20/bm25.run --model meta-llama/Llama-3.3-70B-Instruct --nary 4 --output runs/dl20/first128/Llama-3.3-70B-Instruct/k10/original/rerank100/4ary/reranked.run --prompt original --rerankN 100 --topics dl20/topics.jsonl --topk 10,runs/dl20/first128/Llama-3.3-70B-Instruct/k10/original/rerank100/4ary/reranked.run
DL20,Original,100,4-ary,1st 128,Mixtral,0.616800581374878,--collection data/dl20/first128_collection_passage.tsv --input dl20/bm25.run --model mistralai/Mixtral-8x7B-Instruct-v0.1 --nary 4 --output runs/dl20/first128/Mixtral-8x7B-Instruct-v0.1/k10/original/rerank100/4ary/reranked.run --prompt original --rerankN 100 --topics dl20/topics.jsonl --topk 10,runs/dl20/first128/Mixtral-8x7B-Instruct-v0.1/k10/original/rerank100/4ary/reranked.run
DL20,Original,100,4-ary,1st 128,Qwen,0.642452276811524,--collection data/dl20/first128_collection_passage.tsv --input dl20/bm25.run --model Qwen/Qwen2.5-72B-Instruct --nary 4 --output runs/dl20/first128/Qwen2.5-72B-Instruct/k10/original/rerank100/4ary/reranked.run --prompt original --rerankN 100 --topics dl20/topics.jsonl --topk 10,runs/dl20/first128/Qwen2.5-72B-Instruct/k10/original/rerank100/4ary/reranked.run
DL20,Original,100,9-ary,1st 128,llama-3,0.69205472763425,--collection data/dl20/first128_collection_passage.tsv --input dl20/bm25.run --model meta-llama/Llama-3.3-70B-Instruct --nary 9 --output runs/dl20/first128/Llama-3.3-70B-Instruct/k10/original/rerank100/9ary/reranked.run --prompt original --rerankN 100 --topics dl20/topics.jsonl --topk 10,runs/dl20/first128/Llama-3.3-70B-Instruct/k10/original/rerank100/9ary/reranked.run
DL20,Original,100,9-ary,1st 128,llama-3-8b,0.623783934965071,--collection data/dl20/first128_collection_passage.tsv --input dl20/bm25.run --model meta-llama/Llama-3.1-8B-Instruct --nary 9 --output runs/dl20/first128/Llama-3.1-8B-Instruct/k10/original/rerank100/9ary/reranked.run --prompt original --rerankN 100 --topics dl20/topics.jsonl --topk 10,runs/dl20/first128/Llama-3.1-8B-Instruct/k10/original/rerank100/9ary/reranked.run
DL20,Original,100,9-ary,1st 128,Mixtral,0.575353336393076,--collection data/dl20/first128_collection_passage.tsv --input dl20/bm25.run --model mistralai/Mixtral-8x7B-Instruct-v0.1 --nary 9 --output runs/dl20/first128/Mixtral-8x7B-Instruct-v0.1/k10/original/rerank100/9ary/reranked.run --prompt original --rerankN 100 --topics dl20/topics.jsonl --topk 10,runs/dl20/first128/Mixtral-8x7B-Instruct-v0.1/k10/original/rerank100/9ary/reranked.run
DL20,Original,100,9-ary,1st 128,Qwen,0.641676559655256,--collection data/dl20/first128_collection_passage.tsv --input dl20/bm25.run --model Qwen/Qwen2.5-72B-Instruct --nary 9 --output runs/dl20/first128/Qwen2.5-72B-Instruct/k10/original/rerank100/9ary/reranked.run --prompt original --rerankN 100 --topics dl20/topics.jsonl --topk 10,runs/dl20/first128/Qwen2.5-72B-Instruct/k10/original/rerank100/9ary/reranked.run
Robust04,Original,30,19-ary,450,llama-3,0.571415597682367,--collection data/robust04/450_collection_passage.tsv --input robust04/bm25.run --model meta-llama/Llama-3.3-70B-Instruct --nary 19 --output runs/robust04/450/Llama-3.3-70B-Instruct/k10/original/rerank30/19ary/reranked.run --prompt original --rerankN 30 --topics robust04/topics.jsonl --topk 10,runs/robust04/450/Llama-3.3-70B-Instruct/k10/original/rerank30/19ary/reranked.run
Robust04,Original,30,19-ary,450,Mixtral,0.404251347375805,--collection data/robust04/450_collection_passage.tsv --input robust04/bm25.run --model mistralai/Mixtral-8x7B-Instruct-v0.1 --nary 19 --output runs/robust04/450/Mixtral-8x7B-Instruct-v0.1/k10/original/rerank30/19ary/reranked.run --prompt original --rerankN 30 --topics robust04/topics.jsonl --topk 10,runs/robust04/450/Mixtral-8x7B-Instruct-v0.1/k10/original/rerank30/19ary/reranked.run
Robust04,Original,30,19-ary,450,Qwen,0.556807209266823,--collection data/robust04/450_collection_passage.tsv --input robust04/bm25.run --model Qwen/Qwen2.5-72B-Instruct --nary 19 --output runs/robust04/450/Qwen2.5-72B-Instruct/k10/original/rerank30/19ary/reranked.run --prompt original --rerankN 30 --topics robust04/topics.jsonl --topk 10,runs/robust04/450/Qwen2.5-72B-Instruct/k10/original/rerank30/19ary/reranked.run
Robust04,Original,30,4-ary,450,llama-3,0.519745474685756,--collection data/robust04/450_collection_passage.tsv --input robust04/bm25.run --model meta-llama/Llama-3.3-70B-Instruct --nary 4 --output runs/robust04/450/Llama-3.3-70B-Instruct/k10/original/rerank30/4ary/reranked.run --prompt original --rerankN 30 --topics robust04/topics.jsonl --topk 10,runs/robust04/450/Llama-3.3-70B-Instruct/k10/original/rerank30/4ary/reranked.run
Robust04,Original,30,4-ary,450,Mixtral,0.474768534254349,--collection data/robust04/450_collection_passage.tsv --input robust04/bm25.run --model mistralai/Mixtral-8x7B-Instruct-v0.1 --nary 4 --output runs/robust04/450/Mixtral-8x7B-Instruct-v0.1/k10/original/rerank30/4ary/reranked.run --prompt original --rerankN 30 --topics robust04/topics.jsonl --topk 10,runs/robust04/450/Mixtral-8x7B-Instruct-v0.1/k10/original/rerank30/4ary/reranked.run
Robust04,Original,30,4-ary,450,Qwen,0.520676053045309,--collection data/robust04/450_collection_passage.tsv --input robust04/bm25.run --model Qwen/Qwen2.5-72B-Instruct --nary 4 --output runs/robust04/450/Qwen2.5-72B-Instruct/k10/original/rerank30/4ary/reranked.run --prompt original --rerankN 30 --topics robust04/topics.jsonl --topk 10,runs/robust04/450/Qwen2.5-72B-Instruct/k10/original/rerank30/4ary/reranked.run
Robust04,Original,30,9-ary,450,llama-3,0.57172137446037,--collection data/robust04/450_collection_passage.tsv --input robust04/bm25.run --model meta-llama/Llama-3.3-70B-Instruct --nary 9 --output runs/robust04/450/Llama-3.3-70B-Instruct/k10/original/rerank30/9ary/reranked.run --prompt original --rerankN 30 --topics robust04/topics.jsonl --topk 10,runs/robust04/450/Llama-3.3-70B-Instruct/k10/original/rerank30/9ary/reranked.run
Robust04,Original,30,9-ary,450,Mixtral,0.489328563428286,--collection data/robust04/450_collection_passage.tsv --input robust04/bm25.run --model mistralai/Mixtral-8x7B-Instruct-v0.1 --nary 9 --output runs/robust04/450/Mixtral-8x7B-Instruct-v0.1/k10/original/rerank30/9ary/reranked.run --prompt original --rerankN 30 --topics robust04/topics.jsonl --topk 10,runs/robust04/450/Mixtral-8x7B-Instruct-v0.1/k10/original/rerank30/9ary/reranked.run
Robust04,Original,30,9-ary,450,Qwen,0.559674023877637,--collection data/robust04/450_collection_passage.tsv --input robust04/bm25.run --model Qwen/Qwen2.5-72B-Instruct --nary 9 --output runs/robust04/450/Qwen2.5-72B-Instruct/k10/original/rerank30/9ary/reranked.run --prompt original --rerankN 30 --topics robust04/topics.jsonl --topk 10,runs/robust04/450/Qwen2.5-72B-Instruct/k10/original/rerank30/9ary/reranked.run
Robust04,Original,100,19-ary,450,llama-3,0.636349609758431,--collection data/robust04/450_collection_passage.tsv --input robust04/bm25.run --model meta-llama/Llama-3.3-70B-Instruct --nary 19 --output runs/robust04/450/Llama-3.3-70B-Instruct/k10/original/rerank100/19ary/reranked.run --prompt original --rerankN 100 --topics robust04/topics.jsonl --topk 10,runs/robust04/450/Llama-3.3-70B-Instruct/k10/original/rerank100/19ary/reranked.run
Robust04,Original,100,19-ary,450,Mixtral,0.491157791014307,--collection data/robust04/450_collection_passage.tsv --input robust04/bm25.run --model mistralai/Mixtral-8x7B-Instruct-v0.1 --nary 19 --output runs/robust04/450/Mixtral-8x7B-Instruct-v0.1/k10/original/rerank100/19ary/reranked.run --prompt original --rerankN 100 --topics robust04/topics.jsonl --topk 10,runs/robust04/450/Mixtral-8x7B-Instruct-v0.1/k10/original/rerank100/19ary/reranked.run
Robust04,Original,100,19-ary,450,Qwen,0.623995351870872,--collection data/robust04/450_collection_passage.tsv --input robust04/bm25.run --model Qwen/Qwen2.5-72B-Instruct --nary 19 --output runs/robust04/450/Qwen2.5-72B-Instruct/k10/original/rerank100/19ary/reranked.run --prompt original --rerankN 100 --topics robust04/topics.jsonl --topk 10,runs/robust04/450/Qwen2.5-72B-Instruct/k10/original/rerank100/19ary/reranked.run
Robust04,Original,100,4-ary,450,llama-3,0.552266200779783,--collection data/robust04/450_collection_passage.tsv --input robust04/bm25.run --model meta-llama/Llama-3.3-70B-Instruct --nary 4 --output runs/robust04/450/Llama-3.3-70B-Instruct/k10/original/rerank100/4ary/reranked.run --prompt original --rerankN 100 --topics robust04/topics.jsonl --topk 10,runs/robust04/450/Llama-3.3-70B-Instruct/k10/original/rerank100/4ary/reranked.run
Robust04,Original,100,4-ary,450,Mixtral,0.483524432033299,--collection data/robust04/450_collection_passage.tsv --input robust04/bm25.run --model mistralai/Mixtral-8x7B-Instruct-v0.1 --nary 4 --output runs/robust04/450/Mixtral-8x7B-Instruct-v0.1/k10/original/rerank100/4ary/reranked.run --prompt original --rerankN 100 --topics robust04/topics.jsonl --topk 10,runs/robust04/450/Mixtral-8x7B-Instruct-v0.1/k10/original/rerank100/4ary/reranked.run
Robust04,Original,100,4-ary,450,Qwen,0.543492538799182,--collection data/robust04/450_collection_passage.tsv --input robust04/bm25.run --model Qwen/Qwen2.5-72B-Instruct --nary 4 --output runs/robust04/450/Qwen2.5-72B-Instruct/k10/original/rerank100/4ary/reranked.run --prompt original --rerankN 100 --topics robust04/topics.jsonl --topk 10,runs/robust04/450/Qwen2.5-72B-Instruct/k10/original/rerank100/4ary/reranked.run
Robust04,Original,100,9-ary,450,llama-3,0.610363537142964,--collection data/robust04/450_collection_passage.tsv --input robust04/bm25.run --model meta-llama/Llama-3.3-70B-Instruct --nary 9 --output runs/robust04/450/Llama-3.3-70B-Instruct/k10/original/rerank100/9ary/reranked.run --prompt original --rerankN 100 --topics robust04/topics.jsonl --topk 10,runs/robust04/450/Llama-3.3-70B-Instruct/k10/original/rerank100/9ary/reranked.run
Robust04,Original,100,9-ary,450,Mixtral,0.507111770731727,--collection data/robust04/450_collection_passage.tsv --input robust04/bm25.run --model mistralai/Mixtral-8x7B-Instruct-v0.1 --nary 9 --output runs/robust04/450/Mixtral-8x7B-Instruct-v0.1/k10/original/rerank100/9ary/reranked.run --prompt original --rerankN 100 --topics robust04/topics.jsonl --topk 10,runs/robust04/450/Mixtral-8x7B-Instruct-v0.1/k10/original/rerank100/9ary/reranked.run
Robust04,Original,100,9-ary,450,Qwen,0.606574811081113,--collection data/robust04/450_collection_passage.tsv --input robust04/bm25.run --model Qwen/Qwen2.5-72B-Instruct --nary 9 --output runs/robust04/450/Qwen2.5-72B-Instruct/k10/original/rerank100/9ary/reranked.run --prompt original --rerankN 100 --topics robust04/topics.jsonl --topk 10,runs/robust04/450/Qwen2.5-72B-Instruct/k10/original/rerank100/9ary/reranked.run
Robust04,Original,1000,19-ary,450,llama-3,0.650650756495562,--collection data/robust04/450_collection_passage.tsv --input robust04/bm25.run --model meta-llama/Llama-3.3-70B-Instruct --nary 19 --output runs/robust04/450/Llama-3.3-70B-Instruct/k10/original/rerank1000/19ary/reranked.run --prompt original --rerankN 1000 --topics robust04/topics.jsonl --topk 10,runs/robust04/450/Llama-3.3-70B-Instruct/k10/original/rerank1000/19ary/reranked.run
Robust04,Original,1000,19-ary,450,Mixtral,0.474337066847389,--collection data/robust04/450_collection_passage.tsv --input robust04/bm25.run --model mistralai/Mixtral-8x7B-Instruct-v0.1 --nary 19 --output runs/robust04/450/Mixtral-8x7B-Instruct-v0.1/k10/original/rerank1000/19ary/reranked.run --prompt original --rerankN 1000 --topics robust04/topics.jsonl --topk 10,runs/robust04/450/Mixtral-8x7B-Instruct-v0.1/k10/original/rerank1000/19ary/reranked.run
Robust04,Original,1000,19-ary,450,Qwen,0.636607905854869,--collection data/robust04/450_collection_passage.tsv --input robust04/bm25.run --model Qwen/Qwen2.5-72B-Instruct --nary 19 --output runs/robust04/450/Qwen2.5-72B-Instruct/k10/original/rerank1000/19ary/reranked.run --prompt original --rerankN 1000 --topics robust04/topics.jsonl --topk 10,runs/robust04/450/Qwen2.5-72B-Instruct/k10/original/rerank1000/19ary/reranked.run
Robust04,Original,1000,4-ary,450,llama-3,0.574122782921066,--collection data/robust04/450_collection_passage.tsv --input robust04/bm25.run --model meta-llama/Llama-3.3-70B-Instruct --nary 4 --output runs/robust04/450/Llama-3.3-70B-Instruct/k10/original/rerank1000/4ary/reranked.run --prompt original --rerankN 1000 --topics robust04/topics.jsonl --topk 10,runs/robust04/450/Llama-3.3-70B-Instruct/k10/original/rerank1000/4ary/reranked.run
Robust04,Original,1000,4-ary,450,Mixtral,0.478076704798837,--collection data/robust04/450_collection_passage.tsv --input robust04/bm25.run --model mistralai/Mixtral-8x7B-Instruct-v0.1 --nary 4 --output runs/robust04/450/Mixtral-8x7B-Instruct-v0.1/k10/original/rerank1000/4ary/reranked.run --prompt original --rerankN 1000 --topics robust04/topics.jsonl --topk 10,runs/robust04/450/Mixtral-8x7B-Instruct-v0.1/k10/original/rerank1000/4ary/reranked.run
Robust04,Original,1000,4-ary,450,Qwen,0.593069446850601,--collection data/robust04/450_collection_passage.tsv --input robust04/bm25.run --model Qwen/Qwen2.5-72B-Instruct --nary 4 --output runs/robust04/450/Qwen2.5-72B-Instruct/k10/original/rerank1000/4ary/reranked.run --prompt original --rerankN 1000 --topics robust04/topics.jsonl --topk 10,runs/robust04/450/Qwen2.5-72B-Instruct/k10/original/rerank1000/4ary/reranked.run
Robust04,Original,1000,9-ary,450,llama-3,0.642374394011903,--collection data/robust04/450_collection_passage.tsv --input robust04/bm25.run --model meta-llama/Llama-3.3-70B-Instruct --nary 9 --output runs/robust04/450/Llama-3.3-70B-Instruct/k10/original/rerank1000/9ary/reranked.run --prompt original --rerankN 1000 --topics robust04/topics.jsonl --topk 10,runs/robust04/450/Llama-3.3-70B-Instruct/k10/original/rerank1000/9ary/reranked.run
Robust04,Original,1000,9-ary,450,Mixtral,0.498527773939399,--collection data/robust04/450_collection_passage.tsv --input robust04/bm25.run --model mistralai/Mixtral-8x7B-Instruct-v0.1 --nary 9 --output runs/robust04/450/Mixtral-8x7B-Instruct-v0.1/k10/original/rerank1000/9ary/reranked.run --prompt original --rerankN 1000 --topics robust04/topics.jsonl --topk 10,runs/robust04/450/Mixtral-8x7B-Instruct-v0.1/k10/original/rerank1000/9ary/reranked.run
Robust04,Original,1000,9-ary,450,Qwen,0.612466771069146,--collection data/robust04/450_collection_passage.tsv --input robust04/bm25.run --model Qwen/Qwen2.5-72B-Instruct --nary 9 --output runs/robust04/450/Qwen2.5-72B-Instruct/k10/original/rerank1000/9ary/reranked.run --prompt original --rerankN 1000 --topics robust04/topics.jsonl --topk 10,runs/robust04/450/Qwen2.5-72B-Instruct/k10/original/rerank1000/9ary/reranked.run
Robust04,Original,100,19-ary,1st 128,llama-3,0.629757065948507,--collection data/robust04/first128_collection_passage.tsv --input robust04/bm25.run --model meta-llama/Llama-3.3-70B-Instruct --nary 19 --output runs/robust04/first128/Llama-3.3-70B-Instruct/k10/original/rerank100/19ary/reranked.run --prompt original --rerankN 100 --topics robust04/topics.jsonl --topk 10,runs/robust04/first128/Llama-3.3-70B-Instruct/k10/original/rerank100/19ary/reranked.run
Robust04,Original,100,19-ary,1st 128,Mixtral,0.453415485320297,--collection data/robust04/first128_collection_passage.tsv --input robust04/bm25.run --model mistralai/Mixtral-8x7B-Instruct-v0.1 --nary 19 --output runs/robust04/first128/Mixtral-8x7B-Instruct-v0.1/k10/original/rerank100/19ary/reranked.run --prompt original --rerankN 100 --topics robust04/topics.jsonl --topk 10,runs/robust04/first128/Mixtral-8x7B-Instruct-v0.1/k10/original/rerank100/19ary/reranked.run
Robust04,Original,100,19-ary,1st 128,Qwen,0.562465636715015,--collection data/robust04/first128_collection_passage.tsv --input robust04/bm25.run --model Qwen/Qwen2.5-72B-Instruct --nary 19 --output runs/robust04/first128/Qwen2.5-72B-Instruct/k10/original/rerank100/19ary/reranked.run --prompt original --rerankN 100 --topics robust04/topics.jsonl --topk 10,runs/robust04/first128/Qwen2.5-72B-Instruct/k10/original/rerank100/19ary/reranked.run
Robust04,Original,100,4-ary,1st 128,llama-3,0.600143966109032,--collection data/robust04/first128_collection_passage.tsv --input robust04/bm25.run --model meta-llama/Llama-3.3-70B-Instruct --nary 4 --output runs/robust04/first128/Llama-3.3-70B-Instruct/k10/original/rerank100/4ary/reranked.run --prompt original --rerankN 100 --topics robust04/topics.jsonl --topk 10,runs/robust04/first128/Llama-3.3-70B-Instruct/k10/original/rerank100/4ary/reranked.run
Robust04,Original,100,4-ary,1st 128,Mixtral,0.478715031094919,--collection data/robust04/first128_collection_passage.tsv --input robust04/bm25.run --model mistralai/Mixtral-8x7B-Instruct-v0.1 --nary 4 --output runs/robust04/first128/Mixtral-8x7B-Instruct-v0.1/k10/original/rerank100/4ary/reranked.run --prompt original --rerankN 100 --topics robust04/topics.jsonl --topk 10,runs/robust04/first128/Mixtral-8x7B-Instruct-v0.1/k10/original/rerank100/4ary/reranked.run
Robust04,Original,100,4-ary,1st 128,Qwen,0.595854814928006,--collection data/robust04/first128_collection_passage.tsv --input robust04/bm25.run --model Qwen/Qwen2.5-72B-Instruct --nary 4 --output runs/robust04/first128/Qwen2.5-72B-Instruct/k10/original/rerank100/4ary/reranked.run --prompt original --rerankN 100 --topics robust04/topics.jsonl --topk 10,runs/robust04/first128/Qwen2.5-72B-Instruct/k10/original/rerank100/4ary/reranked.run
Robust04,Original,100,9-ary,1st 128,llama-3,0.623721697575363,--collection data/robust04/first128_collection_passage.tsv --input robust04/bm25.run --model meta-llama/Llama-3.3-70B-Instruct --nary 9 --output runs/robust04/first128/Llama-3.3-70B-Instruct/k10/original/rerank100/9ary/reranked.run --prompt original --rerankN 100 --topics robust04/topics.jsonl --topk 10,runs/robust04/first128/Llama-3.3-70B-Instruct/k10/original/rerank100/9ary/reranked.run
Robust04,Original,100,9-ary,1st 128,llama-3-8b,0.51891638590565,--collection data/robust04/first128_collection_passage.tsv --input robust04/bm25.run --model meta-llama/Llama-3.1-8B-Instruct --nary 9 --output runs/robust04/first128/Llama-3.1-8B-Instruct/k10/original/rerank100/9ary/reranked.run --prompt original --rerankN 100 --topics robust04/topics.jsonl --topk 10,runs/robust04/first128/Llama-3.1-8B-Instruct/k10/original/rerank100/9ary/reranked.run
Robust04,Original,100,9-ary,1st 128,Mixtral,0.467468107509206,--collection data/robust04/first128_collection_passage.tsv --input robust04/bm25.run --model mistralai/Mixtral-8x7B-Instruct-v0.1 --nary 9 --output runs/robust04/first128/Mixtral-8x7B-Instruct-v0.1/k10/original/rerank100/9ary/reranked.run --prompt original --rerankN 100 --topics robust04/topics.jsonl --topk 10,runs/robust04/first128/Mixtral-8x7B-Instruct-v0.1/k10/original/rerank100/9ary/reranked.run
Robust04,Original,100,9-ary,1st 128,Qwen,0.611545562185535,--collection data/robust04/first128_collection_passage.tsv --input robust04/bm25.run --model Qwen/Qwen2.5-72B-Instruct --nary 9 --output runs/robust04/first128/Qwen2.5-72B-Instruct/k10/original/rerank100/9ary/reranked.run --prompt original --rerankN 100 --topics robust04/topics.jsonl --topk 10,runs/robust04/first128/Qwen2.5-72B-Instruct/k10/original/rerank100/9ary/reranked.run
DL19,Original,100,2-ary,1st 128,llama-3,0.660247029656765,--collection data/dl19/first128_collection_passage.tsv --input dl19/bm25.run --model meta-llama/Llama-3.3-70B-Instruct --nary 2 --output runs/dl19/first128/Llama-3.3-70B-Instruct/k10/original/rerank100/2ary/reranked.run --prompt original --rerankN 100 --topics dl19/topics.jsonl --topk 10,runs/dl19/first128/Llama-3.3-70B-Instruct/k10/original/rerank100/2ary/reranked.run
DL19,Original,100,2-ary,1st 128,llama-3-8b,0.634998065307432,--collection data/dl19/first128_collection_passage.tsv --input dl19/bm25.run --model meta-llama/Llama-3.1-8B-Instruct --nary 2 --output runs/dl19/first128/Llama-3.1-8B-Instruct/k10/original/rerank100/2ary/reranked.run --prompt original --rerankN 100 --topics dl19/topics.jsonl --topk 10,runs/dl19/first128/Llama-3.1-8B-Instruct/k10/original/rerank100/2ary/reranked.run
DL20,Original,100,2-ary,1st 128,llama-3,0.631094248465722,--collection data/dl20/first128_collection_passage.tsv --input dl20/bm25.run --model meta-llama/Llama-3.3-70B-Instruct --nary 2 --output runs/dl20/first128/Llama-3.3-70B-Instruct/k10/original/rerank100/2ary/reranked.run --prompt original --rerankN 100 --topics dl20/topics.jsonl --topk 10,runs/dl20/first128/Llama-3.3-70B-Instruct/k10/original/rerank100/2ary/reranked.run
DL20,Original,100,2-ary,1st 128,llama-3-8b,0.597278636821669,--collection data/dl20/first128_collection_passage.tsv --input dl20/bm25.run --model meta-llama/Llama-3.1-8B-Instruct --nary 2 --output runs/dl20/first128/Llama-3.1-8B-Instruct/k10/original/rerank100/2ary/reranked.run --prompt original --rerankN 100 --topics dl20/topics.jsonl --topk 10,runs/dl20/first128/Llama-3.1-8B-Instruct/k10/original/rerank100/2ary/reranked.run
DL19,CoT,100,19-ary,450,llama-3,0.724837125181419,--collection data/dl19/450_collection_passage.tsv --input dl19/bm25.run --model meta-llama/Llama-3.3-70B-Instruct --nary 19 --output runs/dl19/450/Llama-3.3-70B-Instruct/k10/cot/rerank100/19ary/reranked.run --prompt cot2 --rerankN 100 --topics dl19/topics.jsonl --topk 10,runs/dl19/450/Llama-3.3-70B-Instruct/k10/cot/rerank100/19ary/reranked.run
DL19,CoT,1000,19-ary,450,llama-3,0.737396229680227,--collection data/dl19/450_collection_passage.tsv --input dl19/bm25.run --model meta-llama/Llama-3.3-70B-Instruct --nary 19 --output runs/dl19/450/Llama-3.3-70B-Instruct/k10/cot/rerank1000/19ary/reranked.run --prompt cot2 --rerankN 1000 --topics dl19/topics.jsonl --topk 10,runs/dl19/450/Llama-3.3-70B-Instruct/k10/cot/rerank1000/19ary/reranked.run
DL20,CoT,100,19-ary,450,llama-3,0.710984912434827,--collection data/dl20/450_collection_passage.tsv --input dl20/bm25.run --model meta-llama/Llama-3.3-70B-Instruct --nary 19 --output runs/dl20/450/Llama-3.3-70B-Instruct/k10/cot/rerank100/19ary/reranked.run --prompt cot2 --rerankN 100 --topics dl20/topics.jsonl --topk 10,runs/dl20/450/Llama-3.3-70B-Instruct/k10/cot/rerank100/19ary/reranked.run
DL20,CoT,1000,19-ary,450,llama-3,0.74010085891338,--collection data/dl20/450_collection_passage.tsv --input dl20/bm25.run --model meta-llama/Llama-3.3-70B-Instruct --nary 19 --output runs/dl20/450/Llama-3.3-70B-Instruct/k10/cot/rerank1000/19ary/reranked.run --prompt cot2 --rerankN 1000 --topics dl20/topics.jsonl --topk 10,runs/dl20/450/Llama-3.3-70B-Instruct/k10/cot/rerank1000/19ary/reranked.run
DL19,CoT,100,9-ary,450,llama-3,0.73031422518763,--collection data/dl19/450_collection_passage.tsv --input dl19/bm25.run --model meta-llama/Llama-3.3-70B-Instruct --nary 9 --output runs/dl19/450/Llama-3.3-70B-Instruct/k10/cot/rerank100/9ary/reranked.run --prompt cot2 --rerankN 100 --topics dl19/topics.jsonl --topk 10,runs/dl19/450/Llama-3.3-70B-Instruct/k10/cot/rerank100/9ary/reranked.run
DL19,CoT,1000,9-ary,450,llama-3,0.731677671291449,--collection data/dl19/450_collection_passage.tsv --input dl19/bm25.run --model meta-llama/Llama-3.3-70B-Instruct --nary 9 --output runs/dl19/450/Llama-3.3-70B-Instruct/k10/cot/rerank1000/9ary/reranked.run --prompt cot2 --rerankN 1000 --topics dl19/topics.jsonl --topk 10,runs/dl19/450/Llama-3.3-70B-Instruct/k10/cot/rerank1000/9ary/reranked.run
DL20,CoT,100,9-ary,450,llama-3,0.706166845828693,--collection data/dl20/450_collection_passage.tsv --input dl20/bm25.run --model meta-llama/Llama-3.3-70B-Instruct --nary 9 --output runs/dl20/450/Llama-3.3-70B-Instruct/k10/cot/rerank100/9ary/reranked.run --prompt cot2 --rerankN 100 --topics dl20/topics.jsonl --topk 10,runs/dl20/450/Llama-3.3-70B-Instruct/k10/cot/rerank100/9ary/reranked.run
DL20,CoT,1000,9-ary,450,llama-3,0.746376897968008,--collection data/dl20/450_collection_passage.tsv --input dl20/bm25.run --model meta-llama/Llama-3.3-70B-Instruct --nary 9 --output runs/dl20/450/Llama-3.3-70B-Instruct/k10/cot/rerank1000/9ary/reranked.run --prompt cot2 --rerankN 1000 --topics dl20/topics.jsonl --topk 10,runs/dl20/450/Llama-3.3-70B-Instruct/k10/cot/rerank1000/9ary/reranked.run
DL19,CoT,100,4-ary,450,llama-3,0.722665084804346,--collection data/dl19/450_collection_passage.tsv --input dl19/bm25.run --model meta-llama/Llama-3.3-70B-Instruct --nary 4 --output runs/dl19/450/Llama-3.3-70B-Instruct/k10/cot/rerank100/4ary/reranked.run --prompt cot2 --rerankN 100 --topics dl19/topics.jsonl --topk 10,runs/dl19/450/Llama-3.3-70B-Instruct/k10/cot/rerank100/4ary/reranked.run
DL19,CoT,1000,4-ary,450,llama-3,0.714614698326992,--collection data/dl19/450_collection_passage.tsv --input dl19/bm25.run --model meta-llama/Llama-3.3-70B-Instruct --nary 4 --output runs/dl19/450/Llama-3.3-70B-Instruct/k10/cot/rerank1000/4ary/reranked.run --prompt cot2 --rerankN 1000 --topics dl19/topics.jsonl --topk 10,runs/dl19/450/Llama-3.3-70B-Instruct/k10/cot/rerank1000/4ary/reranked.run
DL20,CoT,100,4-ary,450,llama-3,0.688923008498965,--collection data/dl20/450_collection_passage.tsv --input dl20/bm25.run --model meta-llama/Llama-3.3-70B-Instruct --nary 4 --output runs/dl20/450/Llama-3.3-70B-Instruct/k10/cot/rerank100/4ary/reranked.run --prompt cot2 --rerankN 100 --topics dl20/topics.jsonl --topk 10,runs/dl20/450/Llama-3.3-70B-Instruct/k10/cot/rerank100/4ary/reranked.run
DL20,CoT,1000,4-ary,450,llama-3,0.71574599193582,--collection data/dl20/450_collection_passage.tsv --input dl20/bm25.run --model meta-llama/Llama-3.3-70B-Instruct --nary 4 --output runs/dl20/450/Llama-3.3-70B-Instruct/k10/cot/rerank1000/4ary/reranked.run --prompt cot2 --rerankN 1000 --topics dl20/topics.jsonl --topk 10,runs/dl20/450/Llama-3.3-70B-Instruct/k10/cot/rerank1000/4ary/reranked.run
Robust04,CoT,100,19-ary,450,llama-3,0.644429063277521,--collection data/robust04/450_collection_passage.tsv --input robust04/bm25.run --model meta-llama/Llama-3.3-70B-Instruct --nary 19 --output runs/robust04/450/Llama-3.3-70B-Instruct/k10/cot/rerank100/19ary/reranked.run --prompt cot2 --rerankN 100 --topics robust04/topics.jsonl --topk 10,runs/robust04/450/Llama-3.3-70B-Instruct/k10/cot/rerank100/19ary/reranked.run
Robust04,CoT,1000,19-ary,450,llama-3,0.663793004389128,--collection data/robust04/450_collection_passage.tsv --input robust04/bm25.run --model meta-llama/Llama-3.3-70B-Instruct --nary 19 --output runs/robust04/450/Llama-3.3-70B-Instruct/k10/cot/rerank1000/19ary/reranked.run --prompt cot2 --rerankN 1000 --topics robust04/topics.jsonl --topk 10,runs/robust04/450/Llama-3.3-70B-Instruct/k10/cot/rerank1000/19ary/reranked.run
Robust04,CoT,100,9-ary,450,llama-3,0.630255290488027,--collection data/robust04/450_collection_passage.tsv --input robust04/bm25.run --model meta-llama/Llama-3.3-70B-Instruct --nary 9 --output runs/robust04/450/Llama-3.3-70B-Instruct/k10/cot/rerank100/9ary/reranked.run --prompt cot2 --rerankN 100 --topics robust04/topics.jsonl --topk 10,runs/robust04/450/Llama-3.3-70B-Instruct/k10/cot/rerank100/9ary/reranked.run
Robust04,CoT,1000,9-ary,450,llama-3,0.647247759021766,--collection data/robust04/450_collection_passage.tsv --input robust04/bm25.run --model meta-llama/Llama-3.3-70B-Instruct --nary 9 --output runs/robust04/450/Llama-3.3-70B-Instruct/k10/cot/rerank1000/9ary/reranked.run --prompt cot2 --rerankN 1000 --topics robust04/topics.jsonl --topk 10,runs/robust04/450/Llama-3.3-70B-Instruct/k10/cot/rerank1000/9ary/reranked.run
Robust04,CoT,100,4-ary,450,llama-3,0.553321062870666,--collection data/robust04/450_collection_passage.tsv --input robust04/bm25.run --model meta-llama/Llama-3.3-70B-Instruct --nary 4 --output runs/robust04/450/Llama-3.3-70B-Instruct/k10/cot/rerank100/4ary/reranked.run --prompt cot2 --rerankN 100 --topics robust04/topics.jsonl --topk 10,runs/robust04/450/Llama-3.3-70B-Instruct/k10/cot/rerank100/4ary/reranked.run
Robust04,CoT,1000,4-ary,450,llama-3,0.583315299629508,--collection data/robust04/450_collection_passage.tsv --input robust04/bm25.run --model meta-llama/Llama-3.3-70B-Instruct --nary 4 --output runs/robust04/450/Llama-3.3-70B-Instruct/k10/cot/rerank1000/4ary/reranked.run --prompt cot2 --rerankN 1000 --topics robust04/topics.jsonl --topk 10,runs/robust04/450/Llama-3.3-70B-Instruct/k10/cot/rerank1000/4ary/reranked.run
